Instance Type	VCPUs	ECUs	Number of Nodes	Number of Blocks	Requested Partitions	Actual Partitions	Min Volume	Max Volume	Average Volume	Running Time (msec.)
c3.8xlarge	32	108	1	256000	4	5	19200	64000	51200	2272087.618687
c3.8xlarge	32	108	1	256000	8	9	22400	32000	28444.44	1296161.738749
c3.8xlarge	32	108	1	256000	32	34	2560	7680	7529.41	843381.078022
c3.8xlarge	32	108	1	256000	64	67	2560	3840	3820.9	717592.157499
c3.8xlarge	32	108	1	256000	128	134	640	1920	1910.45	548573.621185
