Instance Type,VCPUs,ECUs,Number of Nodes,Number of Blocks,Requested Partitions,Actual Partitions,Min Volume,Max Volume,Average Volume,Running Time (msec.)
c3.8xlarge,32,108,1,32000,1,1,32000,32000,32000,830033.711512
c3.8xlarge,32,108,1,32000,4,5,2250,8000,6400,182308.057405
c3.8xlarge,32,108,1,32000,8,9,1750,4000,3555.56,95210.685717
c3.8xlarge,32,108,1,32000,32,32,1000,1000,1000,38009.143509
c3.8xlarge,32,108,1,32000,64,64,500,500,500,34362.714282
c3.8xlarge,32,108,1,32000,128,128,250,250,250,82732.657134
